;attr1;attr2;
ID: 12;21.30748594225436;171.8401076154843;