;attr1;attr2;
ID: 12;43.36249984466648;175.67291335395305;