;attr1;attr2;
ID: 12;19.157177570471298;518.4645973692808;