;attr1;attr2;
ID: 12;27.83828422310234;570.7713578271947;