;attr1;attr2;
ID: 12;53.41498471710587;221.56264317498926;