;attr1;attr2;
ID: 12;20.20258362212578;129.05715159724033;