;attr1;attr2;
ID: 12;21.682526588342157;547.2508971315909;