;attr1;attr2;
ID: 12;20.626677637359546;523.8485905019651;